"filename", "language", "Markdown", "Shell Script", "YAML", "Dart", "C++", "Swift", "XML", "JSON", "CMake", "Batch", "HTML", "Properties", "comment", "blank", "total"
"c:\dev\pak_connect\.claude\settings.local.json", "JSON", 0, 0, 0, 0, 0, 0, 0, 41, 0, 0, 0, 0, 0, 1, 42
"c:\dev\pak_connect\.kilocode\rules\rules.md", "Markdown", 673, 0, 0, 0, 0, 0, 0, 0, 0, 0, 0, 0, 0, 115, 788
"c:\dev\pak_connect\BITCHAT_DUAL_ROLE_BLE_ANALYSIS.md", "Markdown", 337, 0, 0, 0, 0, 0, 0, 0, 0, 0, 0, 0, 0, 116, 453
"c:\dev\pak_connect\CLAUDE.md", "Markdown", 504, 0, 0, 0, 0, 0, 0, 0, 0, 0, 0, 0, 0, 173, 677
"c:\dev\pak_connect\GEMINI.md", "Markdown", 33, 0, 0, 0, 0, 0, 0, 0, 0, 0, 0, 0, 0, 11, 44
"c:\dev\pak_connect\IMPLEMENTATION_SUMMARY.md", "Markdown", 367, 0, 0, 0, 0, 0, 0, 0, 0, 0, 0, 0, 0, 96, 463
"c:\dev\pak_connect\NOISE_INTEGRATION_PLAN.md", "Markdown", 2089, 0, 0, 0, 0, 0, 0, 0, 0, 0, 0, 0, 0, 827, 2916
"c:\dev\pak_connect\PAKCONNECT_CODE_VALIDATION_RESULTS.md", "Markdown", 384, 0, 0, 0, 0, 0, 0, 0, 0, 0, 0, 0, 0, 139, 523
"c:\dev\pak_connect\PAKCONNECT_TECHNICAL_SPECIFICATIONS.md", "Markdown", 751, 0, 0, 0, 0, 0, 0, 0, 0, 0, 0, 0, 0, 165, 916
"c:\dev\pak_connect\PAKCONNECT_VALIDATION_REPORT.md", "Markdown", 306, 0, 0, 0, 0, 0, 0, 0, 0, 0, 0, 0, 0, 129, 435
"c:\dev\pak_connect\README.md", "Markdown", 167, 0, 0, 0, 0, 0, 0, 0, 0, 0, 0, 0, 0, 55, 222
"c:\dev\pak_connect\REAL_WORLD_TESTING_GUIDE.md", "Markdown", 612, 0, 0, 0, 0, 0, 0, 0, 0, 0, 0, 0, 0, 197, 809
"c:\dev\pak_connect\SPY_MODE_IMPLEMENTATION.md", "Markdown", 430, 0, 0, 0, 0, 0, 0, 0, 0, 0, 0, 0, 0, 122, 552
"c:\dev\pak_connect\TESTING_STRATEGY.md", "Markdown", 992, 0, 0, 0, 0, 0, 0, 0, 0, 0, 0, 0, 0, 276, 1268
"c:\dev\pak_connect\analysis_options.yaml", "YAML", 0, 0, 3, 0, 0, 0, 0, 0, 0, 0, 0, 0, 22, 4, 29
"c:\dev\pak_connect\android\app\src\debug\AndroidManifest.xml", "XML", 0, 0, 0, 0, 0, 0, 3, 0, 0, 0, 0, 0, 4, 1, 8
"c:\dev\pak_connect\android\app\src\main\AndroidManifest.xml", "XML", 0, 0, 0, 0, 0, 0, 50, 0, 0, 0, 0, 0, 13, 4, 67
"c:\dev\pak_connect\android\app\src\main\res\drawable-v21\launch_background.xml", "XML", 0, 0, 0, 0, 0, 0, 4, 0, 0, 0, 0, 0, 7, 2, 13
"c:\dev\pak_connect\android\app\src\main\res\drawable\launch_background.xml", "XML", 0, 0, 0, 0, 0, 0, 4, 0, 0, 0, 0, 0, 7, 2, 13
"c:\dev\pak_connect\android\app\src\main\res\values-night\styles.xml", "XML", 0, 0, 0, 0, 0, 0, 9, 0, 0, 0, 0, 0, 9, 1, 19
"c:\dev\pak_connect\android\app\src\main\res\values\styles.xml", "XML", 0, 0, 0, 0, 0, 0, 9, 0, 0, 0, 0, 0, 9, 1, 19
"c:\dev\pak_connect\android\app\src\profile\AndroidManifest.xml", "XML", 0, 0, 0, 0, 0, 0, 3, 0, 0, 0, 0, 0, 4, 1, 8
"c:\dev\pak_connect\android\gradle.properties", "Properties", 0, 0, 0, 0, 0, 0, 0, 0, 0, 0, 0, 8, 0, 1, 9
"c:\dev\pak_connect\android\gradle\wrapper\gradle-wrapper.properties", "Properties", 0, 0, 0, 0, 0, 0, 0, 0, 0, 0, 0, 5, 0, 1, 6
"c:\dev\pak_connect\assets\privacy_policy.md", "Markdown", 82, 0, 0, 0, 0, 0, 0, 0, 0, 0, 0, 0, 0, 45, 127
"c:\dev\pak_connect\devtools_options.yaml", "YAML", 0, 0, 4, 0, 0, 0, 0, 0, 0, 0, 0, 0, 0, 0, 4
"c:\dev\pak_connect\docs\srs\01-abstract.md", "Markdown", 38, 0, 0, 0, 0, 0, 0, 0, 0, 0, 0, 0, 0, 12, 50
"c:\dev\pak_connect\docs\srs\02-vision.md", "Markdown", 170, 0, 0, 0, 0, 0, 0, 0, 0, 0, 0, 0, 0, 55, 225
"c:\dev\pak_connect\docs\srs\03-requirements-functional.md", "Markdown", 301, 0, 0, 0, 0, 0, 0, 0, 0, 0, 0, 0, 0, 71, 372
"c:\dev\pak_connect\docs\srs\03-requirements-other.md", "Markdown", 310, 0, 0, 0, 0, 0, 0, 0, 0, 0, 0, 0, 0, 151, 461
"c:\dev\pak_connect\docs\srs\04-requirements-nonfunctional.md", "Markdown", 218, 0, 0, 0, 0, 0, 0, 0, 0, 0, 0, 0, 0, 39, 257
"c:\dev\pak_connect\docs\srs\05-usecase-diagrams.md", "Markdown", 241, 0, 0, 0, 0, 0, 0, 0, 0, 0, 0, 0, 0, 70, 311
"c:\dev\pak_connect\docs\srs\05a-usecases-high-level.md", "Markdown", 150, 0, 0, 0, 0, 0, 0, 0, 0, 0, 0, 0, 0, 40, 190
"c:\dev\pak_connect\docs\srs\05b-usecases-expanded.md", "Markdown", 423, 0, 0, 0, 0, 0, 0, 0, 0, 0, 0, 0, 0, 90, 513
"c:\dev\pak_connect\docs\srs\06-sequence-diagrams.md", "Markdown", 401, 0, 0, 0, 0, 0, 0, 0, 0, 0, 0, 0, 0, 34, 435
"c:\dev\pak_connect\docs\srs\06a-system-sequence-diagrams.md", "Markdown", 381, 0, 0, 0, 0, 0, 0, 0, 0, 0, 0, 0, 0, 166, 547
"c:\dev\pak_connect\docs\srs\07-class-and-domain-models.md", "Markdown", 358, 0, 0, 0, 0, 0, 0, 0, 0, 0, 0, 0, 0, 63, 421
"c:\dev\pak_connect\docs\srs\08-architecture-component-dataflow.md", "Markdown", 350, 0, 0, 0, 0, 0, 0, 0, 0, 0, 0, 0, 0, 97, 447
"c:\dev\pak_connect\docs\srs\09-activity-statemachine-diagrams.md", "Markdown", 389, 0, 0, 0, 0, 0, 0, 0, 0, 0, 0, 0, 0, 132, 521
"c:\dev\pak_connect\docs\srs\10-database-schema.md", "Markdown", 519, 0, 0, 0, 0, 0, 0, 0, 0, 0, 0, 0, 0, 149, 668
"c:\dev\pak_connect\docs\srs\11-references.md", "Markdown", 382, 0, 0, 0, 0, 0, 0, 0, 0, 0, 0, 0, 0, 318, 700
"c:\dev\pak_connect\docs\srs\12-appendices.md", "Markdown", 567, 0, 0, 0, 0, 0, 0, 0, 0, 0, 0, 0, 0, 209, 776
"c:\dev\pak_connect\docs\srs\README.md", "Markdown", 233, 0, 0, 0, 0, 0, 0, 0, 0, 0, 0, 0, 0, 73, 306
"c:\dev\pak_connect\ios\RunnerTests\RunnerTests.swift", "Swift", 0, 0, 0, 0, 0, 7, 0, 0, 0, 0, 0, 0, 2, 4, 13
"c:\dev\pak_connect\ios\Runner\AppDelegate.swift", "Swift", 0, 0, 0, 0, 0, 12, 0, 0, 0, 0, 0, 0, 0, 2, 14
"c:\dev\pak_connect\ios\Runner\Assets.xcassets\AppIcon.appiconset\Contents.json", "JSON", 0, 0, 0, 0, 0, 0, 0, 122, 0, 0, 0, 0, 0, 1, 123
"c:\dev\pak_connect\ios\Runner\Assets.xcassets\LaunchImage.imageset\Contents.json", "JSON", 0, 0, 0, 0, 0, 0, 0, 23, 0, 0, 0, 0, 0, 1, 24
"c:\dev\pak_connect\ios\Runner\Assets.xcassets\LaunchImage.imageset\README.md", "Markdown", 3, 0, 0, 0, 0, 0, 0, 0, 0, 0, 0, 0, 0, 2, 5
"c:\dev\pak_connect\ios\Runner\Base.lproj\LaunchScreen.storyboard", "XML", 0, 0, 0, 0, 0, 0, 36, 0, 0, 0, 0, 0, 1, 1, 38
"c:\dev\pak_connect\ios\Runner\Base.lproj\Main.storyboard", "XML", 0, 0, 0, 0, 0, 0, 25, 0, 0, 0, 0, 0, 1, 1, 27
"c:\dev\pak_connect\ios\Runner\Runner-Bridging-Header.h", "C++", 0, 0, 0, 0, 1, 0, 0, 0, 0, 0, 0, 0, 0, 1, 2
"c:\dev\pak_connect\lib\core\app_core.dart", "Dart", 0, 0, 0, 402, 0, 0, 0, 0, 0, 0, 0, 0, 96, 93, 591
"c:\dev\pak_connect\lib\core\bluetooth\bluetooth_state_monitor.dart", "Dart", 0, 0, 0, 350, 0, 0, 0, 0, 0, 0, 0, 0, 60, 92, 502
"c:\dev\pak_connect\lib\core\bluetooth\handshake_coordinator.dart", "Dart", 0, 0, 0, 634, 0, 0, 0, 0, 0, 0, 0, 0, 145, 182, 961
"c:\dev\pak_connect\lib\core\bluetooth\peripheral_initializer.dart", "Dart", 0, 0, 0, 108, 0, 0, 0, 0, 0, 0, 0, 0, 22, 27, 157
"c:\dev\pak_connect\lib\core\bluetooth\smart_handshake_manager.dart", "Dart", 0, 0, 0, 132, 0, 0, 0, 0, 0, 0, 0, 0, 50, 38, 220
"c:\dev\pak_connect\lib\core\compression\compression_config.dart", "Dart", 0, 0, 0, 73, 0, 0, 0, 0, 0, 0, 0, 0, 51, 14, 138
"c:\dev\pak_connect\lib\core\compression\compression_stats.dart", "Dart", 0, 0, 0, 133, 0, 0, 0, 0, 0, 0, 0, 0, 48, 19, 200
"c:\dev\pak_connect\lib\core\compression\compression_util.dart", "Dart", 0, 0, 0, 163, 0, 0, 0, 0, 0, 0, 0, 0, 110, 40, 313
"c:\dev\pak_connect\lib\core\constants\ble_constants.dart", "Dart", 0, 0, 0, 9, 0, 0, 0, 0, 0, 0, 0, 0, 4, 4, 17
"c:\dev\pak_connect\lib\core\constants\special_recipients.dart", "Dart", 0, 0, 0, 19, 0, 0, 0, 0, 0, 0, 0, 0, 34, 6, 59
"c:\dev\pak_connect\lib\core\demo\mesh_demo_utils.dart", "Dart", 0, 0, 0, 584, 0, 0, 0, 0, 0, 0, 0, 0, 31, 65, 680
"c:\dev\pak_connect\lib\core\discovery\batch_processor.dart", "Dart", 0, 0, 0, 42, 0, 0, 0, 0, 0, 0, 0, 0, 3, 11, 56
"c:\dev\pak_connect\lib\core\discovery\device_deduplication_manager.dart", "Dart", 0, 0, 0, 108, 0, 0, 0, 0, 0, 0, 0, 0, 3, 23, 134
"c:\dev\pak_connect\lib\core\messaging\gossip_sync_manager.dart", "Dart", 0, 0, 0, 322, 0, 0, 0, 0, 0, 0, 0, 0, 106, 85, 513
"c:\dev\pak_connect\lib\core\messaging\mesh_relay_engine.dart", "Dart", 0, 0, 0, 640, 0, 0, 0, 0, 0, 0, 0, 0, 131, 138, 909
"c:\dev\pak_connect\lib\core\messaging\message_router.dart", "Dart", 0, 0, 0, 151, 0, 0, 0, 0, 0, 0, 0, 0, 71, 42, 264
"c:\dev\pak_connect\lib\core\messaging\offline_message_queue.dart", "Dart", 0, 0, 0, 1139, 0, 0, 0, 0, 0, 0, 0, 0, 200, 232, 1571
"c:\dev\pak_connect\lib\core\messaging\queue_sync_manager.dart", "Dart", 0, 0, 0, 473, 0, 0, 0, 0, 0, 0, 0, 0, 52, 98, 623
"c:\dev\pak_connect\lib\core\messaging\relay_config_manager.dart", "Dart", 0, 0, 0, 120, 0, 0, 0, 0, 0, 0, 0, 0, 32, 28, 180
"c:\dev\pak_connect\lib\core\messaging\relay_policy.dart", "Dart", 0, 0, 0, 111, 0, 0, 0, 0, 0, 0, 0, 0, 36, 22, 169
"c:\dev\pak_connect\lib\core\models\archive_models.dart", "Dart", 0, 0, 0, 541, 0, 0, 0, 0, 0, 0, 0, 0, 37, 78, 656
"c:\dev\pak_connect\lib\core\models\connection_info.dart", "Dart", 0, 0, 0, 37, 0, 0, 0, 0, 0, 0, 0, 0, 4, 3, 44
"c:\dev\pak_connect\lib\core\models\connection_state.dart", "Dart", 0, 0, 0, 22, 0, 0, 0, 0, 0, 0, 0, 0, 0, 3, 25
"c:\dev\pak_connect\lib\core\models\connection_status.dart", "Dart", 0, 0, 0, 52, 0, 0, 0, 0, 0, 0, 0, 0, 0, 4, 56
"c:\dev\pak_connect\lib\core\models\contact_group.dart", "Dart", 0, 0, 0, 219, 0, 0, 0, 0, 0, 0, 0, 0, 23, 35, 277
"c:\dev\pak_connect\lib\core\models\mesh_relay_models.dart", "Dart", 0, 0, 0, 331, 0, 0, 0, 0, 0, 0, 0, 0, 67, 66, 464
"c:\dev\pak_connect\lib\core\models\message_priority.dart", "Dart", 0, 0, 0, 44, 0, 0, 0, 0, 0, 0, 0, 0, 9, 6, 59
"c:\dev\pak_connect\lib\core\models\message_queue.dart", "Dart", 0, 0, 0, 0, 0, 0, 0, 0, 0, 0, 0, 0, 9, 1, 10
"c:\dev\pak_connect\lib\core\models\network_topology.dart", "Dart", 0, 0, 0, 161, 0, 0, 0, 0, 0, 0, 0, 0, 36, 32, 229
"c:\dev\pak_connect\lib\core\models\pairing_state.dart", "Dart", 0, 0, 0, 42, 0, 0, 0, 0, 0, 0, 0, 0, 0, 3, 45
"c:\dev\pak_connect\lib\core\models\protocol_message.dart", "Dart", 0, 0, 0, 524, 0, 0, 0, 0, 0, 0, 0, 0, 74, 80, 678
"c:\dev\pak_connect\lib\core\models\qr_contact_data.dart", "Dart", 0, 0, 0, 60, 0, 0, 0, 0, 0, 0, 0, 0, 1, 10, 71
"c:\dev\pak_connect\lib\core\models\security_state.dart", "Dart", 0, 0, 0, 131, 0, 0, 0, 0, 0, 0, 0, 0, 0, 10, 141
"c:\dev\pak_connect\lib\core\networking\topology_manager.dart", "Dart", 0, 0, 0, 251, 0, 0, 0, 0, 0, 0, 0, 0, 45, 51, 347
"c:\dev\pak_connect\lib\core\performance\performance_monitor.dart", "Dart", 0, 0, 0, 454, 0, 0, 0, 0, 0, 0, 0, 0, 69, 109, 632
"c:\dev\pak_connect\lib\core\power\adaptive_power_manager.dart", "Dart", 0, 0, 0, 538, 0, 0, 0, 0, 0, 0, 0, 0, 124, 137, 799
"c:\dev\pak_connect\lib\core\power\battery_optimizer.dart", "Dart", 0, 0, 0, 236, 0, 0, 0, 0, 0, 0, 0, 0, 71, 66, 373
"c:\dev\pak_connect\lib\core\power\ephemeral_power_manager.dart", "Dart", 0, 0, 0, 67, 0, 0, 0, 0, 0, 0, 0, 0, 12, 18, 97
"c:\dev\pak_connect\lib\core\routing\connection_quality_monitor.dart", "Dart", 0, 0, 0, 302, 0, 0, 0, 0, 0, 0, 0, 0, 47, 80, 429
"c:\dev\pak_connect\lib\core\routing\network_topology_analyzer.dart", "Dart", 0, 0, 0, 305, 0, 0, 0, 0, 0, 0, 0, 0, 58, 82, 445
"c:\dev\pak_connect\lib\core\routing\route_calculator.dart", "Dart", 0, 0, 0, 297, 0, 0, 0, 0, 0, 0, 0, 0, 35, 58, 390
"c:\dev\pak_connect\lib\core\routing\routing_models.dart", "Dart", 0, 0, 0, 236, 0, 0, 0, 0, 0, 0, 0, 0, 18, 42, 296
"c:\dev\pak_connect\lib\core\routing\smart_mesh_router.dart", "Dart", 0, 0, 0, 332, 0, 0, 0, 0, 0, 0, 0, 0, 55, 87, 474
"c:\dev\pak_connect\lib\core\scanning\burst_scanning_controller.dart", "Dart", 0, 0, 0, 211, 0, 0, 0, 0, 0, 0, 0, 0, 44, 50, 305
"c:\dev\pak_connect\lib\core\security\background_cache_service.dart", "Dart", 0, 0, 0, 50, 0, 0, 0, 0, 0, 0, 0, 0, 3, 12, 65
"c:\dev\pak_connect\lib\core\security\contact_recognizer.dart", "Dart", 0, 0, 0, 38, 0, 0, 0, 0, 0, 0, 0, 0, 3, 5, 46
"c:\dev\pak_connect\lib\core\security\ephemeral_key_manager.dart", "Dart", 0, 0, 0, 102, 0, 0, 0, 0, 0, 0, 0, 0, 22, 30, 154
"c:\dev\pak_connect\lib\core\security\hint_cache_manager.dart", "Dart", 0, 0, 0, 111, 0, 0, 0, 0, 0, 0, 0, 0, 11, 27, 149
"c:\dev\pak_connect\lib\core\security\message_security.dart", "Dart", 0, 0, 0, 219, 0, 0, 0, 0, 0, 0, 0, 0, 38, 57, 314
"c:\dev\pak_connect\lib\core\security\noise\models\noise_models.dart", "Dart", 0, 0, 0, 33, 0, 0, 0, 0, 0, 0, 0, 0, 14, 9, 56
"c:\dev\pak_connect\lib\core\security\noise\noise.dart", "Dart", 0, 0, 0, 11, 0, 0, 0, 0, 0, 0, 0, 0, 32, 6, 49
"c:\dev\pak_connect\lib\core\security\noise\noise_encryption_service.dart", "Dart", 0, 0, 0, 202, 0, 0, 0, 0, 0, 0, 0, 0, 101, 61, 364
"c:\dev\pak_connect\lib\core\security\noise\noise_handshake_exception.dart", "Dart", 0, 0, 0, 39, 0, 0, 0, 0, 0, 0, 0, 0, 22, 13, 74
"c:\dev\pak_connect\lib\core\security\noise\noise_session.dart", "Dart", 0, 0, 0, 358, 0, 0, 0, 0, 0, 0, 0, 0, 130, 117, 605
"c:\dev\pak_connect\lib\core\security\noise\noise_session_manager.dart", "Dart", 0, 0, 0, 207, 0, 0, 0, 0, 0, 0, 0, 0, 98, 67, 372
"c:\dev\pak_connect\lib\core\security\noise\primitives\cipher_state.dart", "Dart", 0, 0, 0, 113, 0, 0, 0, 0, 0, 0, 0, 0, 79, 38, 230
"c:\dev\pak_connect\lib\core\security\noise\primitives\dh_state.dart", "Dart", 0, 0, 0, 68, 0, 0, 0, 0, 0, 0, 0, 0, 58, 21, 147
"c:\dev\pak_connect\lib\core\security\noise\primitives\handshake_state.dart", "Dart", 0, 0, 0, 181, 0, 0, 0, 0, 0, 0, 0, 0, 106, 55, 342
"c:\dev\pak_connect\lib\core\security\noise\primitives\handshake_state_kk.dart", "Dart", 0, 0, 0, 191, 0, 0, 0, 0, 0, 0, 0, 0, 104, 54, 349
"c:\dev\pak_connect\lib\core\security\noise\primitives\symmetric_state.dart", "Dart", 0, 0, 0, 96, 0, 0, 0, 0, 0, 0, 0, 0, 103, 34, 233
"c:\dev\pak_connect\lib\core\security\signing_manager.dart", "Dart", 0, 0, 0, 102, 0, 0, 0, 0, 0, 0, 0, 0, 14, 23, 139
"c:\dev\pak_connect\lib\core\security\spam_prevention_manager.dart", "Dart", 0, 0, 0, 434, 0, 0, 0, 0, 0, 0, 0, 0, 59, 87, 580
"c:\dev\pak_connect\lib\core\services\hint_advertisement_service.dart", "Dart", 0, 0, 0, 97, 0, 0, 0, 0, 0, 0, 0, 0, 39, 28, 164
"c:\dev\pak_connect\lib\core\services\hint_scanner_service.dart", "Dart", 0, 0, 0, 162, 0, 0, 0, 0, 0, 0, 0, 0, 25, 44, 231
"c:\dev\pak_connect\lib\core\services\message_retry_coordinator.dart", "Dart", 0, 0, 0, 212, 0, 0, 0, 0, 0, 0, 0, 0, 18, 39, 269
"c:\dev\pak_connect\lib\core\services\navigation_service.dart", "Dart", 0, 0, 0, 77, 0, 0, 0, 0, 0, 0, 0, 0, 35, 19, 131
"c:\dev\pak_connect\lib\core\services\persistent_chat_state_manager.dart", "Dart", 0, 0, 0, 97, 0, 0, 0, 0, 0, 0, 0, 0, 27, 25, 149
"c:\dev\pak_connect\lib\core\services\security_manager.dart", "Dart", 0, 0, 0, 294, 0, 0, 0, 0, 0, 0, 0, 0, 48, 62, 404
"c:\dev\pak_connect\lib\core\services\simple_crypto.dart", "Dart", 0, 0, 0, 622, 0, 0, 0, 0, 0, 0, 0, 0, 91, 155, 868
"c:\dev\pak_connect\lib\core\utils\app_logger.dart", "Dart", 0, 0, 0, 75, 0, 0, 0, 0, 0, 0, 0, 0, 40, 15, 130
"c:\dev\pak_connect\lib\core\utils\chat_utils.dart", "Dart", 0, 0, 0, 25, 0, 0, 0, 0, 0, 0, 0, 0, 17, 6, 48
"c:\dev\pak_connect\lib\core\utils\gcs_filter.dart", "Dart", 0, 0, 0, 199, 0, 0, 0, 0, 0, 0, 0, 0, 59, 50, 308
"c:\dev\pak_connect\lib\core\utils\mesh_debug_logger.dart", "Dart", 0, 0, 0, 88, 0, 0, 0, 0, 0, 0, 0, 0, 36, 32, 156
"c:\dev\pak_connect\lib\core\utils\message_fragmenter.dart", "Dart", 0, 0, 0, 218, 0, 0, 0, 0, 0, 0, 0, 0, 59, 57, 334
"c:\dev\pak_connect\lib\core\utils\service_disposal_coordinator.dart", "Dart", 0, 0, 0, 57, 0, 0, 0, 0, 0, 0, 0, 0, 18, 16, 91
"c:\dev\pak_connect\lib\data\database\database_backup_service.dart", "Dart", 0, 0, 0, 334, 0, 0, 0, 0, 0, 0, 0, 0, 35, 80, 449
"c:\dev\pak_connect\lib\data\database\database_encryption.dart", "Dart", 0, 0, 0, 68, 0, 0, 0, 0, 0, 0, 0, 0, 22, 19, 109
"c:\dev\pak_connect\lib\data\database\database_helper.dart", "Dart", 0, 0, 0, 870, 0, 0, 0, 0, 0, 0, 0, 0, 128, 178, 1176
"c:\dev\pak_connect\lib\data\database\database_monitor_service.dart", "Dart", 0, 0, 0, 460, 0, 0, 0, 0, 0, 0, 0, 0, 53, 84, 597
"c:\dev\pak_connect\lib\data\database\database_query_optimizer.dart", "Dart", 0, 0, 0, 401, 0, 0, 0, 0, 0, 0, 0, 0, 40, 69, 510
"c:\dev\pak_connect\lib\data\database\migration_service.dart", "Dart", 0, 0, 0, 507, 0, 0, 0, 0, 0, 0, 0, 0, 38, 97, 642
"c:\dev\pak_connect\lib\data\exceptions\connection_exceptions.dart", "Dart", 0, 0, 0, 33, 0, 0, 0, 0, 0, 0, 0, 0, 6, 12, 51
"c:\dev\pak_connect\lib\data\models\ble_client_connection.dart", "Dart", 0, 0, 0, 50, 0, 0, 0, 0, 0, 0, 0, 0, 13, 14, 77
"c:\dev\pak_connect\lib\data\models\ble_server_connection.dart", "Dart", 0, 0, 0, 43, 0, 0, 0, 0, 0, 0, 0, 0, 12, 13, 68
"c:\dev\pak_connect\lib\data\models\connection_limit_config.dart", "Dart", 0, 0, 0, 91, 0, 0, 0, 0, 0, 0, 0, 0, 42, 16, 149
"c:\dev\pak_connect\lib\data\repositories\archive_repository.dart", "Dart", 0, 0, 0, 805, 0, 0, 0, 0, 0, 0, 0, 0, 70, 131, 1006
"c:\dev\pak_connect\lib\data\repositories\chats_repository.dart", "Dart", 0, 0, 0, 342, 0, 0, 0, 0, 0, 0, 0, 0, 51, 67, 460
"c:\dev\pak_connect\lib\data\repositories\contact_repository.dart", "Dart", 0, 0, 0, 626, 0, 0, 0, 0, 0, 0, 0, 0, 82, 101, 809
"c:\dev\pak_connect\lib\data\repositories\group_repository.dart", "Dart", 0, 0, 0, 325, 0, 0, 0, 0, 0, 0, 0, 0, 47, 62, 434
"c:\dev\pak_connect\lib\data\repositories\intro_hint_repository.dart", "Dart", 0, 0, 0, 111, 0, 0, 0, 0, 0, 0, 0, 0, 22, 32, 165
"c:\dev\pak_connect\lib\data\repositories\message_repository.dart", "Dart", 0, 0, 0, 395, 0, 0, 0, 0, 0, 0, 0, 0, 44, 66, 505
"c:\dev\pak_connect\lib\data\repositories\preferences_repository.dart", "Dart", 0, 0, 0, 224, 0, 0, 0, 0, 0, 0, 0, 0, 19, 32, 275
"c:\dev\pak_connect\lib\data\repositories\user_preferences.dart", "Dart", 0, 0, 0, 131, 0, 0, 0, 0, 0, 0, 0, 0, 17, 33, 181
"c:\dev\pak_connect\lib\data\services\ble_connection_manager.dart", "Dart", 0, 0, 0, 725, 0, 0, 0, 0, 0, 0, 0, 0, 115, 186, 1026
"c:\dev\pak_connect\lib\data\services\ble_message_handler.dart", "Dart", 0, 0, 0, 1171, 0, 0, 0, 0, 0, 0, 0, 0, 149, 244, 1564
"c:\dev\pak_connect\lib\data\services\ble_service.dart", "Dart", 0, 0, 0, 1863, 0, 0, 0, 0, 0, 0, 0, 0, 357, 428, 2648
"c:\dev\pak_connect\lib\data\services\ble_state_manager.dart", "Dart", 0, 0, 0, 1299, 0, 0, 0, 0, 0, 0, 0, 0, 307, 386, 1992
"c:\dev\pak_connect\lib\data\services\chat_migration_service.dart", "Dart", 0, 0, 0, 173, 0, 0, 0, 0, 0, 0, 0, 0, 52, 45, 270
"c:\dev\pak_connect\lib\data\services\export_import\encryption_utils.dart", "Dart", 0, 0, 0, 219, 0, 0, 0, 0, 0, 0, 0, 0, 54, 51, 324
"c:\dev\pak_connect\lib\data\services\export_import\export_bundle.dart", "Dart", 0, 0, 0, 126, 0, 0, 0, 0, 0, 0, 0, 0, 12, 20, 158
"c:\dev\pak_connect\lib\data\services\export_import\export_service.dart", "Dart", 0, 0, 0, 247, 0, 0, 0, 0, 0, 0, 0, 0, 37, 59, 343
"c:\dev\pak_connect\lib\data\services\export_import\import_service.dart", "Dart", 0, 0, 0, 308, 0, 0, 0, 0, 0, 0, 0, 0, 48, 70, 426
"c:\dev\pak_connect\lib\data\services\export_import\selective_backup_service.dart", "Dart", 0, 0, 0, 260, 0, 0, 0, 0, 0, 0, 0, 0, 16, 42, 318
"c:\dev\pak_connect\lib\data\services\export_import\selective_restore_service.dart", "Dart", 0, 0, 0, 214, 0, 0, 0, 0, 0, 0, 0, 0, 15, 35, 264
"c:\dev\pak_connect\lib\data\services\seen_message_store.dart", "Dart", 0, 0, 0, 238, 0, 0, 0, 0, 0, 0, 0, 0, 50, 69, 357
"c:\dev\pak_connect\lib\domain\entities\archived_chat.dart", "Dart", 0, 0, 0, 354, 0, 0, 0, 0, 0, 0, 0, 0, 23, 44, 421
"c:\dev\pak_connect\lib\domain\entities\archived_message.dart", "Dart", 0, 0, 0, 339, 0, 0, 0, 0, 0, 0, 0, 0, 23, 44, 406
"c:\dev\pak_connect\lib\domain\entities\chat_list_item.dart", "Dart", 0, 0, 0, 32, 0, 0, 0, 0, 0, 0, 0, 0, 0, 4, 36
"c:\dev\pak_connect\lib\domain\entities\enhanced_contact.dart", "Dart", 0, 0, 0, 110, 0, 0, 0, 0, 0, 0, 0, 0, 10, 14, 134
"c:\dev\pak_connect\lib\domain\entities\enhanced_message.dart", "Dart", 0, 0, 0, 296, 0, 0, 0, 0, 0, 0, 0, 0, 22, 38, 356
"c:\dev\pak_connect\lib\domain\entities\ephemeral_discovery_hint.dart", "Dart", 0, 0, 0, 122, 0, 0, 0, 0, 0, 0, 0, 0, 26, 30, 178
"c:\dev\pak_connect\lib\domain\entities\message.dart", "Dart", 0, 0, 0, 46, 0, 0, 0, 0, 0, 0, 0, 0, 1, 5, 52
"c:\dev\pak_connect\lib\domain\entities\sensitive_contact_hint.dart", "Dart", 0, 0, 0, 69, 0, 0, 0, 0, 0, 0, 0, 0, 23, 19, 111
"c:\dev\pak_connect\lib\domain\interfaces\i_notification_handler.dart", "Dart", 0, 0, 0, 69, 0, 0, 0, 0, 0, 0, 0, 0, 21, 19, 109
"c:\dev\pak_connect\lib\domain\services\archive_management_service.dart", "Dart", 0, 0, 0, 911, 0, 0, 0, 0, 0, 0, 0, 0, 87, 214, 1212
"c:\dev\pak_connect\lib\domain\services\archive_search_service.dart", "Dart", 0, 0, 0, 1109, 0, 0, 0, 0, 0, 0, 0, 0, 91, 240, 1440
"c:\dev\pak_connect\lib\domain\services\auto_archive_scheduler.dart", "Dart", 0, 0, 0, 117, 0, 0, 0, 0, 0, 0, 0, 0, 20, 29, 166
"c:\dev\pak_connect\lib\domain\services\background_notification_handler_impl.dart", "Dart", 0, 0, 0, 464, 0, 0, 0, 0, 0, 0, 0, 0, 46, 65, 575
"c:\dev\pak_connect\lib\domain\services\chat_management_service.dart", "Dart", 0, 0, 0, 1214, 0, 0, 0, 0, 0, 0, 0, 0, 114, 249, 1577
"c:\dev\pak_connect\lib\domain\services\contact_management_service.dart", "Dart", 0, 0, 0, 662, 0, 0, 0, 0, 0, 0, 0, 0, 64, 136, 862
"c:\dev\pak_connect\lib\domain\services\group_messaging_service.dart", "Dart", 0, 0, 0, 115, 0, 0, 0, 0, 0, 0, 0, 0, 52, 28, 195
"c:\dev\pak_connect\lib\domain\services\mesh_networking_service.dart", "Dart", 0, 0, 0, 1248, 0, 0, 0, 0, 0, 0, 0, 0, 174, 267, 1689
"c:\dev\pak_connect\lib\domain\services\notification_handler_factory.dart", "Dart", 0, 0, 0, 67, 0, 0, 0, 0, 0, 0, 0, 0, 49, 16, 132
"c:\dev\pak_connect\lib\domain\services\notification_service.dart", "Dart", 0, 0, 0, 304, 0, 0, 0, 0, 0, 0, 0, 0, 36, 63, 403
"c:\dev\pak_connect\lib\domain\services\security_state_computer.dart", "Dart", 0, 0, 0, 182, 0, 0, 0, 0, 0, 0, 0, 0, 21, 33, 236
"c:\dev\pak_connect\lib\folder_structure.bat", "Batch", 0, 0, 0, 0, 0, 0, 0, 0, 0, 43, 0, 0, 8, 11, 62
"c:\dev\pak_connect\lib\folder_structure_lib.md", "Markdown", 475, 0, 0, 0, 0, 0, 0, 0, 0, 0, 0, 0, 0, 45, 520
"c:\dev\pak_connect\lib\main.dart", "Dart", 0, 0, 0, 284, 0, 0, 0, 0, 0, 0, 0, 0, 26, 52, 362
"c:\dev\pak_connect\lib\presentation\dialogs\spy_mode_reveal_dialog.dart", "Dart", 0, 0, 0, 128, 0, 0, 0, 0, 0, 0, 0, 0, 7, 10, 145
"c:\dev\pak_connect\lib\presentation\providers\archive_provider.dart", "Dart", 0, 0, 0, 419, 0, 0, 0, 0, 0, 0, 0, 0, 41, 78, 538
"c:\dev\pak_connect\lib\presentation\providers\ble_providers.dart", "Dart", 0, 0, 0, 521, 0, 0, 0, 0, 0, 0, 0, 0, 96, 114, 731
"c:\dev\pak_connect\lib\presentation\providers\contact_provider.dart", "Dart", 0, 0, 0, 155, 0, 0, 0, 0, 0, 0, 0, 0, 27, 38, 220
"c:\dev\pak_connect\lib\presentation\providers\group_providers.dart", "Dart", 0, 0, 0, 140, 0, 0, 0, 0, 0, 0, 0, 0, 56, 37, 233
"c:\dev\pak_connect\lib\presentation\providers\mesh_networking_provider.dart", "Dart", 0, 0, 0, 414, 0, 0, 0, 0, 0, 0, 0, 0, 65, 91, 570
"c:\dev\pak_connect\lib\presentation\providers\security_state_provider.dart", "Dart", 0, 0, 0, 71, 0, 0, 0, 0, 0, 0, 0, 0, 12, 21, 104
"c:\dev\pak_connect\lib\presentation\providers\theme_provider.dart", "Dart", 0, 0, 0, 87, 0, 0, 0, 0, 0, 0, 0, 0, 11, 14, 112
"c:\dev\pak_connect\lib\presentation\screens\archive_detail_screen.dart", "Dart", 0, 0, 0, 756, 0, 0, 0, 0, 0, 0, 0, 0, 19, 60, 835
"c:\dev\pak_connect\lib\presentation\screens\archive_screen.dart", "Dart", 0, 0, 0, 542, 0, 0, 0, 0, 0, 0, 0, 0, 19, 49, 610
"c:\dev\pak_connect\lib\presentation\screens\chat_screen.dart", "Dart", 0, 0, 0, 1873, 0, 0, 0, 0, 0, 0, 0, 0, 195, 318, 2386
"c:\dev\pak_connect\lib\presentation\screens\contact_detail_screen.dart", "Dart", 0, 0, 0, 678, 0, 0, 0, 0, 0, 0, 0, 0, 10, 49, 737
"c:\dev\pak_connect\lib\presentation\screens\contacts_screen.dart", "Dart", 0, 0, 0, 550, 0, 0, 0, 0, 0, 0, 0, 0, 13, 46, 609
"c:\dev\pak_connect\lib\presentation\screens\create_group_screen.dart", "Dart", 0, 0, 0, 211, 0, 0, 0, 0, 0, 0, 0, 0, 7, 23, 241
"c:\dev\pak_connect\lib\presentation\screens\group_chat_screen.dart", "Dart", 0, 0, 0, 361, 0, 0, 0, 0, 0, 0, 0, 0, 14, 34, 409
"c:\dev\pak_connect\lib\presentation\screens\group_list_screen.dart", "Dart", 0, 0, 0, 208, 0, 0, 0, 0, 0, 0, 0, 0, 5, 10, 223
"c:\dev\pak_connect\lib\presentation\screens\home_screen.dart", "Dart", 0, 0, 0, 1233, 0, 0, 0, 0, 0, 0, 0, 0, 86, 111, 1430
"c:\dev\pak_connect\lib\presentation\screens\network_topology_screen.dart", "Dart", 0, 0, 0, 534, 0, 0, 0, 0, 0, 0, 0, 0, 20, 60, 614
"c:\dev\pak_connect\lib\presentation\screens\permission_screen.dart", "Dart", 0, 0, 0, 403, 0, 0, 0, 0, 0, 0, 0, 0, 12, 38, 453
"c:\dev\pak_connect\lib\presentation\screens\profile_screen.dart", "Dart", 0, 0, 0, 461, 0, 0, 0, 0, 0, 0, 0, 0, 12, 41, 514
"c:\dev\pak_connect\lib\presentation\screens\qr_contact_screen.dart", "Dart", 0, 0, 0, 339, 0, 0, 0, 0, 0, 0, 0, 0, 5, 31, 375
"c:\dev\pak_connect\lib\presentation\screens\settings_screen.dart", "Dart", 0, 0, 0, 1481, 0, 0, 0, 0, 0, 0, 0, 0, 79, 122, 1682
"c:\dev\pak_connect\lib\presentation\theme\app_theme.dart", "Dart", 0, 0, 0, 622, 0, 0, 0, 0, 0, 0, 0, 0, 50, 54, 726
"c:\dev\pak_connect\lib\presentation\widgets\archive_context_menu.dart", "Dart", 0, 0, 0, 359, 0, 0, 0, 0, 0, 0, 0, 0, 12, 19, 390
"c:\dev\pak_connect\lib\presentation\widgets\archive_search_delegate.dart", "Dart", 0, 0, 0, 541, 0, 0, 0, 0, 0, 0, 0, 0, 11, 44, 596
"c:\dev\pak_connect\lib\presentation\widgets\archive_statistics_card.dart", "Dart", 0, 0, 0, 548, 0, 0, 0, 0, 0, 0, 0, 0, 10, 37, 595
"c:\dev\pak_connect\lib\presentation\widgets\archived_chat_tile.dart", "Dart", 0, 0, 0, 451, 0, 0, 0, 0, 0, 0, 0, 0, 27, 43, 521
"c:\dev\pak_connect\lib\presentation\widgets\bluetooth_status_widget.dart", "Dart", 0, 0, 0, 294, 0, 0, 0, 0, 0, 0, 0, 0, 5, 22, 321
"c:\dev\pak_connect\lib\presentation\widgets\burst_status_widget.dart", "Dart", 0, 0, 0, 369, 0, 0, 0, 0, 0, 0, 0, 0, 13, 27, 409
"c:\dev\pak_connect\lib\presentation\widgets\chat_search_bar.dart", "Dart", 0, 0, 0, 237, 0, 0, 0, 0, 0, 0, 0, 0, 3, 29, 269
"c:\dev\pak_connect\lib\presentation\widgets\contact_avatar.dart", "Dart", 0, 0, 0, 93, 0, 0, 0, 0, 0, 0, 0, 0, 7, 17, 117
"c:\dev\pak_connect\lib\presentation\widgets\contact_list_tile.dart", "Dart", 0, 0, 0, 196, 0, 0, 0, 0, 0, 0, 0, 0, 9, 14, 219
"c:\dev\pak_connect\lib\presentation\widgets\contact_request_dialog.dart", "Dart", 0, 0, 0, 183, 0, 0, 0, 0, 0, 0, 0, 0, 0, 9, 192
"c:\dev\pak_connect\lib\presentation\widgets\delete_confirmation_dialog.dart", "Dart", 0, 0, 0, 98, 0, 0, 0, 0, 0, 0, 0, 0, 2, 9, 109
"c:\dev\pak_connect\lib\presentation\widgets\device_tile.dart", "Dart", 0, 0, 0, 74, 0, 0, 0, 0, 0, 0, 0, 0, 2, 11, 87
"c:\dev\pak_connect\lib\presentation\widgets\discovery_overlay.dart", "Dart", 0, 0, 0, 1402, 0, 0, 0, 0, 0, 0, 0, 0, 94, 124, 1620
"c:\dev\pak_connect\lib\presentation\widgets\edit_name_dialog.dart", "Dart", 0, 0, 0, 51, 0, 0, 0, 0, 0, 0, 0, 0, 0, 7, 58
"c:\dev\pak_connect\lib\presentation\widgets\empty_contacts_view.dart", "Dart", 0, 0, 0, 53, 0, 0, 0, 0, 0, 0, 0, 0, 7, 9, 69
"c:\dev\pak_connect\lib\presentation\widgets\export_dialog.dart", "Dart", 0, 0, 0, 464, 0, 0, 0, 0, 0, 0, 0, 0, 18, 43, 525
"c:\dev\pak_connect\lib\presentation\widgets\import_dialog.dart", "Dart", 0, 0, 0, 503, 0, 0, 0, 0, 0, 0, 0, 0, 14, 45, 562
"c:\dev\pak_connect\lib\presentation\widgets\message_bubble.dart", "Dart", 0, 0, 0, 255, 0, 0, 0, 0, 0, 0, 0, 0, 7, 18, 280
"c:\dev\pak_connect\lib\presentation\widgets\message_context_menu.dart", "Dart", 0, 0, 0, 146, 0, 0, 0, 0, 0, 0, 0, 0, 7, 13, 166
"c:\dev\pak_connect\lib\presentation\widgets\modern_message_bubble.dart", "Dart", 0, 0, 0, 529, 0, 0, 0, 0, 0, 0, 0, 0, 22, 43, 594
"c:\dev\pak_connect\lib\presentation\widgets\modern_search_delegate.dart", "Dart", 0, 0, 0, 740, 0, 0, 0, 0, 0, 0, 0, 0, 44, 92, 876
"c:\dev\pak_connect\lib\presentation\widgets\pairing_dialog.dart", "Dart", 0, 0, 0, 106, 0, 0, 0, 0, 0, 0, 0, 0, 0, 7, 113
"c:\dev\pak_connect\lib\presentation\widgets\passphrase_strength_indicator.dart", "Dart", 0, 0, 0, 107, 0, 0, 0, 0, 0, 0, 0, 0, 4, 13, 124
"c:\dev\pak_connect\lib\presentation\widgets\queue_status_indicator.dart", "Dart", 0, 0, 0, 367, 0, 0, 0, 0, 0, 0, 0, 0, 25, 30, 422
"c:\dev\pak_connect\lib\presentation\widgets\relay_queue_widget.dart", "Dart", 0, 0, 0, 622, 0, 0, 0, 0, 0, 0, 0, 0, 44, 77, 743
"c:\dev\pak_connect\lib\presentation\widgets\restore_confirmation_dialog.dart", "Dart", 0, 0, 0, 539, 0, 0, 0, 0, 0, 0, 0, 0, 16, 45, 600
"c:\dev\pak_connect\lib\presentation\widgets\routing_status_indicator.dart", "Dart", 0, 0, 0, 488, 0, 0, 0, 0, 0, 0, 0, 0, 11, 31, 530
"c:\dev\pak_connect\lib\presentation\widgets\scanning_status_widget.dart", "Dart", 0, 0, 0, 130, 0, 0, 0, 0, 0, 0, 0, 0, 9, 11, 150
"c:\dev\pak_connect\lib\presentation\widgets\security_level_badge.dart", "Dart", 0, 0, 0, 124, 0, 0, 0, 0, 0, 0, 0, 0, 2, 13, 139
"c:\dev\pak_connect\lib\presentation\widgets\trust_status_badge.dart", "Dart", 0, 0, 0, 124, 0, 0, 0, 0, 0, 0, 0, 0, 2, 13, 139
"c:\dev\pak_connect\linux\CMakeLists.txt", "CMake", 0, 0, 0, 0, 0, 0, 0, 0, 104, 0, 0, 0, 0, 25, 129
"c:\dev\pak_connect\linux\flutter\CMakeLists.txt", "CMake", 0, 0, 0, 0, 0, 0, 0, 0, 79, 0, 0, 0, 0, 10, 89
"c:\dev\pak_connect\linux\flutter\generated_plugin_registrant.cc", "C++", 0, 0, 0, 0, 15, 0, 0, 0, 0, 0, 0, 0, 4, 5, 24
"c:\dev\pak_connect\linux\flutter\generated_plugin_registrant.h", "C++", 0, 0, 0, 0, 5, 0, 0, 0, 0, 0, 0, 0, 5, 6, 16
"c:\dev\pak_connect\linux\flutter\generated_plugins.cmake", "CMake", 0, 0, 0, 0, 0, 0, 0, 0, 21, 0, 0, 0, 0, 6, 27
"c:\dev\pak_connect\linux\runner\CMakeLists.txt", "CMake", 0, 0, 0, 0, 0, 0, 0, 0, 21, 0, 0, 0, 0, 6, 27
"c:\dev\pak_connect\linux\runner\main.cc", "C++", 0, 0, 0, 0, 5, 0, 0, 0, 0, 0, 0, 0, 0, 2, 7
"c:\dev\pak_connect\linux\runner\my_application.cc", "C++", 0, 0, 0, 0, 83, 0, 0, 0, 0, 0, 0, 0, 21, 27, 131
"c:\dev\pak_connect\linux\runner\my_application.h", "C++", 0, 0, 0, 0, 7, 0, 0, 0, 0, 0, 0, 0, 7, 5, 19
"c:\dev\pak_connect\macos\Flutter\GeneratedPluginRegistrant.swift", "Swift", 0, 0, 0, 0, 0, 26, 0, 0, 0, 0, 0, 0, 3, 4, 33
"c:\dev\pak_connect\macos\RunnerTests\RunnerTests.swift", "Swift", 0, 0, 0, 0, 0, 7, 0, 0, 0, 0, 0, 0, 2, 4, 13
"c:\dev\pak_connect\macos\Runner\AppDelegate.swift", "Swift", 0, 0, 0, 0, 0, 11, 0, 0, 0, 0, 0, 0, 0, 3, 14
"c:\dev\pak_connect\macos\Runner\Assets.xcassets\AppIcon.appiconset\Contents.json", "JSON", 0, 0, 0, 0, 0, 0, 0, 68, 0, 0, 0, 0, 0, 1, 69
"c:\dev\pak_connect\macos\Runner\Base.lproj\MainMenu.xib", "XML", 0, 0, 0, 0, 0, 0, 343, 0, 0, 0, 0, 0, 0, 1, 344
"c:\dev\pak_connect\macos\Runner\MainFlutterWindow.swift", "Swift", 0, 0, 0, 0, 0, 12, 0, 0, 0, 0, 0, 0, 0, 4, 16
"c:\dev\pak_connect\pubspec.yaml", "YAML", 0, 0, 48, 0, 0, 0, 0, 0, 0, 0, 0, 0, 58, 16, 122
"c:\dev\pak_connect\test\ali_arshad_abubakar_relay_test.dart", "Dart", 0, 0, 0, 141, 0, 0, 0, 0, 0, 0, 0, 0, 16, 35, 192
"c:\dev\pak_connect\test\archive_repository_sqlite_test.dart", "Dart", 0, 0, 0, 419, 0, 0, 0, 0, 0, 0, 0, 0, 45, 99, 563
"c:\dev\pak_connect\test\chat_lifecycle_persistence_test.dart", "Dart", 0, 0, 0, 78, 0, 0, 0, 0, 0, 0, 0, 0, 10, 34, 122
"c:\dev\pak_connect\test\chat_migration_test.dart", "Dart", 0, 0, 0, 309, 0, 0, 0, 0, 0, 0, 0, 0, 50, 78, 437
"c:\dev\pak_connect\test\chats_repository_sqlite_test.dart", "Dart", 0, 0, 0, 263, 0, 0, 0, 0, 0, 0, 0, 0, 48, 87, 398
"c:\dev\pak_connect\test\contact_repository_sqlite_test.dart", "Dart", 0, 0, 0, 288, 0, 0, 0, 0, 0, 0, 0, 0, 29, 119, 436
"c:\dev\pak_connect\test\core\bluetooth\handshake_coordinator_test.dart", "Dart", 0, 0, 0, 192, 0, 0, 0, 0, 0, 0, 0, 0, 9, 38, 239
"c:\dev\pak_connect\test\core\compression\compression_demo.dart", "Dart", 0, 0, 0, 62, 0, 0, 0, 0, 0, 0, 0, 0, 9, 12, 83
"c:\dev\pak_connect\test\core\compression\compression_util_test.dart", "Dart", 0, 0, 0, 433, 0, 0, 0, 0, 0, 0, 0, 0, 56, 132, 621
"c:\dev\pak_connect\test\core\protocol_message_compression_test.dart", "Dart", 0, 0, 0, 294, 0, 0, 0, 0, 0, 0, 0, 0, 33, 81, 408
"c:\dev\pak_connect\test\core\security\noise\noise_encryption_service_test.dart", "Dart", 0, 0, 0, 394, 0, 0, 0, 0, 0, 0, 0, 0, 35, 126, 555
"c:\dev\pak_connect\test\core\security\noise\noise_session_manager_test.dart", "Dart", 0, 0, 0, 346, 0, 0, 0, 0, 0, 0, 0, 0, 26, 102, 474
"c:\dev\pak_connect\test\core\security\noise\noise_session_test.dart", "Dart", 0, 0, 0, 589, 0, 0, 0, 0, 0, 0, 0, 0, 59, 143, 791
"c:\dev\pak_connect\test\core\security\noise\primitives\cipher_state_test.dart", "Dart", 0, 0, 0, 119, 0, 0, 0, 0, 0, 0, 0, 0, 4, 40, 163
"c:\dev\pak_connect\test\core\security\noise\primitives\dh_state_test.dart", "Dart", 0, 0, 0, 118, 0, 0, 0, 0, 0, 0, 0, 0, 1, 27, 146
"c:\dev\pak_connect\test\core\security\noise\primitives\handshake_state_test.dart", "Dart", 0, 0, 0, 118, 0, 0, 0, 0, 0, 0, 0, 0, 3, 30, 151
"c:\dev\pak_connect\test\core\security\noise\primitives\symmetric_state_test.dart", "Dart", 0, 0, 0, 50, 0, 0, 0, 0, 0, 0, 0, 0, 0, 6, 56
"c:\dev\pak_connect\test\core\services\security_manager_test.dart", "Dart", 0, 0, 0, 147, 0, 0, 0, 0, 0, 0, 0, 0, 8, 29, 184
"c:\dev\pak_connect\test\database_initialization_test.dart", "Dart", 0, 0, 0, 198, 0, 0, 0, 0, 0, 0, 0, 0, 22, 48, 268
"c:\dev\pak_connect\test\database_migration_test.dart", "Dart", 0, 0, 0, 595, 0, 0, 0, 0, 0, 0, 0, 0, 66, 105, 766
"c:\dev\pak_connect\test\database_monitor_test.dart", "Dart", 0, 0, 0, 133, 0, 0, 0, 0, 0, 0, 0, 0, 5, 33, 171
"c:\dev\pak_connect\test\database_query_optimizer_test.dart", "Dart", 0, 0, 0, 240, 0, 0, 0, 0, 0, 0, 0, 0, 20, 59, 319
"c:\dev\pak_connect\test\debug_handshake_test.dart", "Dart", 0, 0, 0, 170, 0, 0, 0, 0, 0, 0, 0, 0, 8, 25, 203
"c:\dev\pak_connect\test\debug_nonce_test.dart", "Dart", 0, 0, 0, 198, 0, 0, 0, 0, 0, 0, 0, 0, 4, 36, 238
"c:\dev\pak_connect\test\ephemeral_key_cleanup_verification_test.dart", "Dart", 0, 0, 0, 199, 0, 0, 0, 0, 0, 0, 0, 0, 68, 70, 337
"c:\dev\pak_connect\test\export_import_test.dart", "Dart", 0, 0, 0, 233, 0, 0, 0, 0, 0, 0, 0, 0, 11, 65, 309
"c:\dev\pak_connect\test\favorites_integration_test.dart", "Dart", 0, 0, 0, 393, 0, 0, 0, 0, 0, 0, 0, 0, 34, 93, 520
"c:\dev\pak_connect\test\gcs_filter_test.dart", "Dart", 0, 0, 0, 294, 0, 0, 0, 0, 0, 0, 0, 0, 48, 79, 421
"c:\dev\pak_connect\test\gossip_sync_manager_test.dart", "Dart", 0, 0, 0, 229, 0, 0, 0, 0, 0, 0, 0, 0, 12, 56, 297
"c:\dev\pak_connect\test\handshake_queue_flush_test.dart", "Dart", 0, 0, 0, 150, 0, 0, 0, 0, 0, 0, 0, 0, 27, 37, 214
"c:\dev\pak_connect\test\hint_system_test.dart", "Dart", 0, 0, 0, 306, 0, 0, 0, 0, 0, 0, 0, 0, 28, 104, 438
"c:\dev\pak_connect\test\kk_protocol_integration_test.dart", "Dart", 0, 0, 0, 518, 0, 0, 0, 0, 0, 0, 0, 0, 59, 125, 702
"c:\dev\pak_connect\test\mesh_demo_verification.dart", "Dart", 0, 0, 0, 224, 0, 0, 0, 0, 0, 0, 0, 0, 9, 42, 275
"c:\dev\pak_connect\test\mesh_networking_integration_test.dart", "Dart", 0, 0, 0, 271, 0, 0, 0, 0, 0, 0, 0, 0, 23, 54, 348
"c:\dev\pak_connect\test\mesh_relay_flow_test.dart", "Dart", 0, 0, 0, 353, 0, 0, 0, 0, 0, 0, 0, 0, 44, 80, 477
"c:\dev\pak_connect\test\mesh_relay_integration_test.dart", "Dart", 0, 0, 0, 242, 0, 0, 0, 0, 0, 0, 0, 0, 22, 42, 306
"c:\dev\pak_connect\test\mesh_system_analysis_test.dart", "Dart", 0, 0, 0, 189, 0, 0, 0, 0, 0, 0, 0, 0, 28, 48, 265
"c:\dev\pak_connect\test\message_encryption_routing_test.dart", "Dart", 0, 0, 0, 377, 0, 0, 0, 0, 0, 0, 0, 0, 60, 67, 504
"c:\dev\pak_connect\test\message_repository_sqlite_test.dart", "Dart", 0, 0, 0, 392, 0, 0, 0, 0, 0, 0, 0, 0, 24, 80, 496
"c:\dev\pak_connect\test\message_retry_coordination_test.dart", "Dart", 0, 0, 0, 257, 0, 0, 0, 0, 0, 0, 0, 0, 31, 65, 353
"c:\dev\pak_connect\test\message_routing_fix_test.dart", "Dart", 0, 0, 0, 101, 0, 0, 0, 0, 0, 0, 0, 0, 15, 21, 137
"c:\dev\pak_connect\test\message_routing_validation_test.dart", "Dart", 0, 0, 0, 208, 0, 0, 0, 0, 0, 0, 0, 0, 27, 41, 276
"c:\dev\pak_connect\test\message_sending_fixes_test.dart", "Dart", 0, 0, 0, 68, 0, 0, 0, 0, 0, 0, 0, 0, 10, 28, 106
"c:\dev\pak_connect\test\noise_end_to_end_test.dart", "Dart", 0, 0, 0, 426, 0, 0, 0, 0, 0, 0, 0, 0, 27, 79, 532
"c:\dev\pak_connect\test\offline_message_queue_sqlite_test.dart", "Dart", 0, 0, 0, 290, 0, 0, 0, 0, 0, 0, 0, 0, 17, 87, 394
"c:\dev\pak_connect\test\p2p_message_routing_fix_test.dart", "Dart", 0, 0, 0, 189, 0, 0, 0, 0, 0, 0, 0, 0, 19, 33, 241
"c:\dev\pak_connect\test\persistent_key_exchange_test.dart", "Dart", 0, 0, 0, 78, 0, 0, 0, 0, 0, 0, 0, 0, 15, 28, 121
"c:\dev\pak_connect\test\power_management_phase1_test.dart", "Dart", 0, 0, 0, 224, 0, 0, 0, 0, 0, 0, 0, 0, 29, 48, 301
"c:\dev\pak_connect\test\profile_screen_validation_test.dart", "Dart", 0, 0, 0, 209, 0, 0, 0, 0, 0, 0, 0, 0, 100, 67, 376
"c:\dev\pak_connect\test\queue_sync_system_test.dart", "Dart", 0, 0, 0, 458, 0, 0, 0, 0, 0, 0, 0, 0, 42, 118, 618
"c:\dev\pak_connect\test\relay_ack_propagation_test.dart", "Dart", 0, 0, 0, 213, 0, 0, 0, 0, 0, 0, 0, 0, 36, 57, 306
"c:\dev\pak_connect\test\relay_phase1_test.dart", "Dart", 0, 0, 0, 216, 0, 0, 0, 0, 0, 0, 0, 0, 26, 56, 298
"c:\dev\pak_connect\test\relay_phase2_test.dart", "Dart", 0, 0, 0, 381, 0, 0, 0, 0, 0, 0, 0, 0, 18, 70, 469
"c:\dev\pak_connect\test\relay_phase3_test.dart", "Dart", 0, 0, 0, 453, 0, 0, 0, 0, 0, 0, 0, 0, 39, 115, 607
"c:\dev\pak_connect\test\seen_message_store_test.dart", "Dart", 0, 0, 0, 135, 0, 0, 0, 0, 0, 0, 0, 0, 20, 44, 199
"c:\dev\pak_connect\test\selective_export_import_test.dart", "Dart", 0, 0, 0, 299, 0, 0, 0, 0, 0, 0, 0, 0, 36, 65, 400
"c:\dev\pak_connect\test\test_helpers\mocks\mock_flutter_secure_storage.dart", "Dart", 0, 0, 0, 126, 0, 0, 0, 0, 0, 0, 0, 0, 15, 26, 167
"c:\dev\pak_connect\test\test_helpers\test_setup.dart", "Dart", 0, 0, 0, 90, 0, 0, 0, 0, 0, 0, 0, 0, 89, 31, 210
"c:\dev\pak_connect\test\username_propagation_test.dart", "Dart", 0, 0, 0, 50, 0, 0, 0, 0, 0, 0, 0, 0, 15, 19, 84
"c:\dev\pak_connect\test\widget_test.dart", "Dart", 0, 0, 0, 25, 0, 0, 0, 0, 0, 0, 0, 0, 15, 13, 53
"c:\dev\pak_connect\test_runner.sh", "Shell Script", 0, 13, 0, 0, 0, 0, 0, 0, 0, 0, 0, 0, 2, 4, 19
"c:\dev\pak_connect\web\index.html", "HTML", 0, 0, 0, 0, 0, 0, 0, 0, 0, 0, 19, 0, 15, 5, 39
"c:\dev\pak_connect\web\manifest.json", "JSON", 0, 0, 0, 0, 0, 0, 0, 35, 0, 0, 0, 0, 0, 1, 36
"c:\dev\pak_connect\windows\CMakeLists.txt", "CMake", 0, 0, 0, 0, 0, 0, 0, 0, 89, 0, 0, 0, 0, 20, 109
"c:\dev\pak_connect\windows\flutter\CMakeLists.txt", "CMake", 0, 0, 0, 0, 0, 0, 0, 0, 98, 0, 0, 0, 0, 12, 110
"c:\dev\pak_connect\windows\flutter\generated_plugin_registrant.cc", "C++", 0, 0, 0, 0, 21, 0, 0, 0, 0, 0, 0, 0, 4, 5, 30
"c:\dev\pak_connect\windows\flutter\generated_plugin_registrant.h", "C++", 0, 0, 0, 0, 5, 0, 0, 0, 0, 0, 0, 0, 5, 6, 16
"c:\dev\pak_connect\windows\flutter\generated_plugins.cmake", "CMake", 0, 0, 0, 0, 0, 0, 0, 0, 25, 0, 0, 0, 0, 6, 31
"c:\dev\pak_connect\windows\runner\CMakeLists.txt", "CMake", 0, 0, 0, 0, 0, 0, 0, 0, 34, 0, 0, 0, 0, 7, 41
"c:\dev\pak_connect\windows\runner\flutter_window.cpp", "C++", 0, 0, 0, 0, 49, 0, 0, 0, 0, 0, 0, 0, 7, 16, 72
"c:\dev\pak_connect\windows\runner\flutter_window.h", "C++", 0, 0, 0, 0, 20, 0, 0, 0, 0, 0, 0, 0, 5, 9, 34
"c:\dev\pak_connect\windows\runner\main.cpp", "C++", 0, 0, 0, 0, 30, 0, 0, 0, 0, 0, 0, 0, 4, 10, 44
"c:\dev\pak_connect\windows\runner\resource.h", "C++", 0, 0, 0, 0, 9, 0, 0, 0, 0, 0, 0, 0, 6, 2, 17
"c:\dev\pak_connect\windows\runner\utils.cpp", "C++", 0, 0, 0, 0, 54, 0, 0, 0, 0, 0, 0, 0, 2, 10, 66
"c:\dev\pak_connect\windows\runner\utils.h", "C++", 0, 0, 0, 0, 8, 0, 0, 0, 0, 0, 0, 0, 6, 6, 20
"c:\dev\pak_connect\windows\runner\win32_window.cpp", "C++", 0, 0, 0, 0, 210, 0, 0, 0, 0, 0, 0, 0, 24, 55, 289
"c:\dev\pak_connect\windows\runner\win32_window.h", "C++", 0, 0, 0, 0, 48, 0, 0, 0, 0, 0, 0, 0, 31, 24, 103
"Total", "-", 13636, 13, 55, 73797, 570, 75, 486, 289, 471, 43, 19, 13, 9804, 18671, 117942